"volatility_dow","volatility_snp","volatility_nik","volatility_hsg","volatility_ihsg"
0.00139781896237292,0.00142325028724984,0.00401173552428868,0.00360500423001993,0.00202049655991962
0.00144060263980799,0.00144529850897174,0.00472500839151354,0.00360500423001993,0.00194151470322271
0.00148211087178326,0.0014669938276932,0.00381147537216422,0.00348426764319112,0.00185855453422052
0.00152244802291186,0.00148835170543806,0.00213483218880539,0.00263171172017042,0.00178494130111676
0.00156170495193827,0.00150938649514007,0.00214483177615681,0.00248220264457384,0.00171301163227646
0.00159996105793782,0.00153011154012456,0.00217301099296826,0.00201060140172009,0.00163964092530742
0.00163728663236036,0.001550539311072,0.00254037092695296,0.00148246329517238,0.001574063543274
0.00167374395298415,0.00157068135979986,0.00226873001839957,0.00123233647695043,0.00150838979971153
0.00170938858444734,0.00159054859544196,0.00224002668224722,0.000900727313315359,0.00144363582741092
