"RV_dow","RV_snp","RV_nik","RV_hsg","RV_jkse"
0.00398006137028346,0.00574176305181449,0.00696539223699321,0.0100702200100815,0.00624820351747679
0.0058937388664611,0.0069805115497081,0.00814061351322095,0.0160791814466322,0.00470428104065444
0.00350997827743398,0.00199047648766764,0.00998834171895558,0.023319434337907,0.00383716083032759
0.00599586575863062,0.0101278823817667,0.00541062047423918,0.01183798616463,0.0021737397383638
0.00411049724115275,0.00397206291965555,0.0088647211909297,0.0188600974681953,0.00398521468985656
0.00784738135674703,0.00818208566910842,0.0120088253037384,0.00909420528198775,0.00858598388874336
0.00472517673374309,0.0091710478773443,0.00930569215819529,0.0100479592079629,0.00488333616405567
0.00177103107160047,0.00431479173106122,0.00753477460205176,0.00849061652681467,0.0028207674212301
0.00481285239838038,0.00747424342803242,0.00596586662287573,0.0152634447596869,0.00610265953059813
