"volatility_dow","volatility_snp","volatility_nik","volatility_hsg","volatility_ihsg"
0.000612717266072466,0.000977758105572803,0.00185645717557766,0.00288450755741925,0.000670767689187377
0.000593954174937497,0.000989931487928486,0.00185645717557766,0.00288450755741925,0.000670767689187377
0.000575325338264204,0.00100194378265989,0.00167039901746175,0.00288450755741925,0.000670767689187377
0.000556298567671249,0.00101380192095208,0.00153323525704335,0.00288450755741925,0.000670767689187377
0.000553875584860365,0.00102551135645801,0.00144994136481546,0.00288450755741925,0.000488533749017519
0.000537283041146241,0.00103707706319484,0.00135217546845006,0.000728980656795373,0.000407585771996703
0.000525260336297424,0.00104850496608206,0.0015892678602329,0.000179359530371046,0.000351786063930064
0.00050762211260613,0.00105979780880433,0.00142584284784109,4.411015865728e-05,0.000270828707800265
0.000490868571107785,0.0010709598408803,0.00136069010469727,1.0846732698378e-05,0.000220586107366759
